COUNTRY,CANRAT,GDPPER,URBPOP,PATRES,RNDGDP,POPGRO,LIFEXP,TUBINC,DTHCMD,AGRLND,GHGEMI,RELOUT,METEMI,FORARE,CO2EMI,PM2EXP,POPDEN,ENRTER,GDPCAP,HDICAT,EPISCO
Australia,High,98380.63601,86.241,2368,,1.23570108,83.2,7.2,4.941054322,46.25247984,571903.1199,13.63784109,131484.7632,17.42131456,14.7726576,24.89358377,3.335312311,110.1392212,51722.069,VH,60.1
New Zealand,High,77541.76438,86.699,348,,2.204788696,82.25609756,7.2,4.354730431,38.56291064,80158.02583,80.08143875,32241.937,37.57012647,6.160799183,,19.33158634,75.73483276,41760.59478,VH,56.7
Ireland,High,198405.875,63.653,75,1.232439995,1.029110503,82.55609756,5.3,5.68459569,65.49571781,59497.73471,27.96540802,15252.82463,11.35172013,6.76822759,0.274091679,72.36728117,74.68031311,85420.19086,VH,57.4
United States,High,130941.6369,82.664,269586,3.422869921,0.9643479,76.9804878,2.3,5.302059801,44.36336735,5505180.89,13.22859321,748241.4029,33.86692641,13.03282795,3.34317037,36.24098511,87.56765747,63528.6343,VH,51.1
Denmark,High,113300.6011,88.116,1261,2.968729973,0.291641177,81.60243902,4.1,6.826140097,65.499675,41135.55451,65.50592462,7778.773921,15.711,4.691237308,56.91445611,145.7851,82.66432953,60915.4244,VH,77.9
Netherlands,High,103580.7548,92.236,2198,2.304500103,0.55554079,81.35853659,4.1,6.000823844,53.88921889,155912.4883,12.44208231,15200.5766,10.97416097,7.471553479,99.59814148,518.013068,85.11045074,52162.57012,VH,62.6
Belgium,High,115821.384,98.079,862,3.455019951,0.430996815,80.69512195,7.7,7.897905535,45.06635733,100063.4878,20.80002301,7974.086619,22.76420079,7.398130658,91.94854035,381.0635403,79.49960327,45517.90382,VH,58.2
Canada,High,94700.6094,81.562,4452,1.696380019,1.073795827,81.6704878,5.4,4.772252267,6.370735222,677709.2227,63.01145004,100143.3855,38.69551251,13.59937492,,4.23922642,74.15714264,43349.67786,VH,50
France,High,102117.269,80.975,12771,2.347170115,0.271350508,82.17560976,8.3,6.368028036,52.14754628,376006.2454,15.85766663,58451.48747,31.50904837,3.953682452,78.21356392,123.4046994,68.40949249,39055.28293,VH,62.5
Hungary,High,67317.03739,71.942,428,1.593610048,-0.215067837,75.56829268,4.5,1.976896912,53.8754394,59596.52966,10.58269066,6956.244958,22.49627438,4.591652907,100,106.8392395,54.6012001,16125.60941,VH,55.1
Norway,High,126745.6181,82.974,880,2.278039932,0.588757324,83.2097561,3.1,7.679579779,2.70656766,46116.8172,97.70987062,4342.761259,33.43535968,6.72508005,2.0438378,14.76721523,87.16853333,68340.0181,VH,59.3
United Kingdom,High,84633.75488,83.903,11990,,0.365758264,80.35121951,7,8.156775141,71.34004919,398323.6546,24.84005042,50415.67463,13.18563221,4.601142251,66.53324903,277.2753854,69.98657227,40318.41692,VH,77.7
Switzerland,High,123501.3381,73.915,1384,,0.730676195,83,4.7,4.74880947,38.0271063,43987.63547,62.19798175,4975.239558,32.12153594,4.042072815,49.30013623,218.6344696,68.06764221,85656.32267,VH,65.9
New Caledonia,High,,71.518,,,0.448777652,80.83495122,17,,10.06728665,,14.09470867,,45.84354486,,,14.904814,,34700.98162,,
Germany,High,103081.5297,77.453,42260,3.109299898,0.081693159,81.04146341,5.3,4.759985416,47.49706632,692750.7552,29.23177012,46917.60037,32.68267552,7.255221028,89.17435643,238.0173188,72.38941956,46772.82535,VH,62.4
Slovenia,High,79704.7403,55.118,232,2.142659903,0.669754656,80.53170732,4.1,2.654956395,30.31773306,15286.67677,29.39191469,1697.1412,61.47225919,5.934735179,99.49102528,104.4088814,75.81668091,25545.241,VH,67.3
Latvia,High,63943.84534,68.315,93,0.687259972,-0.701211571,75.18536585,20,3.040765024,31.64068777,11436.59559,50.17169709,1952.810529,54.80941668,3.645612168,89.0140462,30.53911297,94.51083374,18207.13964,VH,61.1
Serbia,High,43020.82076,56.446,138,0.905579984,-0.666107601,74.47804878,14,2.709732238,41.40801522,62883.94612,26.90517356,11734.80539,32.37780949,6.714517172,100,82.04454751,66.88448334,7733.803494,VH,43.9
Slovak Republic,High,66778.41605,53.76,206,0.898079991,0.085769476,76.86585366,3.2,5.104775248,39.16389351,35984.33182,22.67948333,4410.301876,40.05615641,5.319054808,100,113.5363353,48.37900162,19551.62116,VH,60
Lithuania,High,76379.95988,68.046,95,1.149189949,0.026766758,74.97804878,28,3.414327994,46.99457042,19784.73208,39.40817285,2998.360922,35.14851485,4.184000415,95.99985931,44.63246567,70.78690338,20363.92441,VH,55.9
Italy,High,101800.5624,71.039,10061,1.527400017,-0.487095092,82.19512195,4.2,5.504788046,42.33226362,352128.8891,38.67922518,43888.65304,32.34893496,4.732372771,94.777214,200.9991005,68.72290039,31918.69349,VH,57.7
Cyprus,High,58449.67151,66.821,2,0.809319973,0.705573415,81.391,3.2,4.791724617,13.81485931,8109.206812,8.780057357,749.702555,18.67207792,5.471998009,100,133.9325758,92.9377594,28035.98438,VH,58
Luxembourg,High,234646.9049,91.453,129,1.118849993,1.666358674,82.14390244,5.8,5.356611264,51.32571491,8813.977022,32.38166792,555.763012,34.45382721,12.45695323,68.77562274,244.8742649,19.96138954,117370.4969,VH,72.3
Montenegro,High,50953.37186,67.488,5,,-0.116139361,75.93170732,15,1.41387632,19.17843866,3764.437423,49.65034965,783.237121,61.48698885,4.067560912,100,46.19375465,56.8306694,7677.369141,VH,46.9
Sweden,High,106089.6688,87.977,1764,3.489599943,0.722703913,82.35609756,3.5,5.915461772,7.379478334,45458.82211,63.26274771,4792.09356,68.69907031,3.242989143,3.636487382,25.42072337,79.11963654,52837.90398,VH,72.7
Japan,High,75333.89124,91.782,227348,3.274600029,-0.294194618,84.56,12,10.2966194,12.84499314,1094556.256,15.98478072,25783.31233,68.40877915,8.03149587,76.76150823,346.3950617,62.13584137,39986.92863,VH,57.2
Estonia,High,73226.97007,69.229,21,1.751320004,0.197559185,78.59512195,10,3.582599329,23.04093567,10198.8019,14.4187386,1097.115979,57.03859649,5.338399816,,31.09992982,72.0443573,23595.24368,VH,61.4
Spain,High,88359.97081,80.81,1431,1.410390019,0.488502132,82.33170732,7.2,5.610444665,52.33167922,270310.9717,34.94989057,39703.22586,37.17730549,4.279594571,41.11554943,94.81538375,90.95484924,26959.67544,VH,56.6
Finland,High,103223.1715,85.517,1588,2.912329912,0.143641197,81.93170732,3.6,1.42416707,7.468579325,47740.49323,44.49903057,4506.322031,73.72836744,6.570145128,,18.19287688,96.47263336,49169.71934,VH,76.5
Uruguay,High,50109.8308,95.515,,0.44749999,0.019744819,78.43,32,7.154288717,80.3531025,35994.19321,88.55895197,20393.59933,11.60438807,1.89971905,22.38574466,19.592538,64.93321991,15650.49943,VH,37.4
Poland,High,69811.15613,60.043,4010,1.385489941,-0.175062058,76.5,9.4,5.852220822,48.12661288,338383.8449,13.80239867,29540.38185,30.9770359,7.367563373,99.96611573,123.8005749,70.97303772,15816.8204,VH,50.6
Iceland,High,91479.60085,93.898,44,2.474430084,1.623086251,83.06341463,3.8,4.968023006,18.56590301,2653.430657,99.97872227,515.164553,0.509273034,3.947465365,10.28521579,3.634463949,74.59060669,58813.79698,VH,62.8
Greece,High,74611.6743,79.715,400,1.495380044,-0.214592107,81.28780488,4.2,12.85460659,45.5173623,69283.30669,28.65578326,9405.825274,30.26997673,4.767184937,100,82.99921645,143.3106842,17658.9473,VH,56.2
Romania,High,66168.42414,54.194,817,0.465380013,-0.550759893,74.25365854,43,5.327697619,56.71505563,95744.39542,39.7469737,16458.96123,30.11582928,3.564137501,98.01746488,83.73283206,53.47879028,13047.45768,VH,56
Portugal,High,68457.62864,66.31,695,1.613919973,0.105114125,80.97560976,16,8.517003445,43.16609028,55640.70734,47.52637429,11383.20988,36.15499489,3.784907587,16.00835663,112.406676,67.79801941,22242.40642,VH,50.4
Guadeloupe,High,,,,,,,,,,,,,,,,,,,,
Cuba,High,,77.194,33,0.518379986,-0.141475202,77.567,6.3,9.215071855,61.66666667,38558.67367,3.948146688,10377.33169,31.23314066,2.152769678,100,108.8699229,45.92990875,9499.590202,H,47.5
Austria,High,105604.6629,58.748,2124,3.186810017,0.415176732,81.19268293,4.9,3.569978616,31.53981338,71017.8287,76.49077927,6863.078458,47.25096946,6.632645737,85.05153767,108.0570044,88.7071991,48809.22688,VH,66.5
Belarus,High,38138.39612,79.483,317,0.539009988,-0.42347525,72.45721951,28,1.608653743,40.79712287,87868.32147,0.815679831,17079.26291,43.19440339,5.842407296,99.93135197,46.21121293,76.89089203,6542.86454,VH,48.5
Martinique,High,,,,,,,,,,,,,,,,,,,,
Bulgaria,High,49605.05481,75.686,239,0.849240005,-0.600241518,73.65853659,19,2.214004172,46.49042004,46492.85461,17.988593,6980.496622,35.86035372,4.923280379,99.89467432,63.87265107,74.37622833,10153.4766,H,51.9
Malta,High,80139.28944,94.744,6,0.666890025,2.211207678,82.34878049,31,7.002133543,28.46875,2082.169141,7.674597084,228.28561,1.4375,3.125557893,100,1610.4125,62.87525177,29196.97775,VH,75.2
South Korea,High,79993.07132,81.414,180477,4.795710087,0.137869266,83.42682927,48,12.82878715,16.60860656,659329.6994,1.894666312,21990.13017,64.41598361,10.99002958,100,531.1090061,96.87677002,31721.29802,VH,46.9
Israel,High,93538.41417,92.587,1642,5.35450983,1.763679392,82.64878049,2.1,10.31801178,29.87060998,83664.06603,1.89020023,9801.47314,6.469500924,6.345216004,100,425.836414,56.42721939,44846.7916,VH,48.2
French Polynesia,High,,61.975,,,0.732338552,82.217,24,,13.97291847,,32.01209739,,43.05963699,,,86.98357822,,18984.61738,,
Samoa,Low,20245.82401,17.889,,,1.416968,72.768,7,10.36586606,17.77338129,538.887695,30.35048471,267.323935,58.15467626,0.960782398,100,77.31258993,16.38685226,4042.722715,H,36.4
Russian Federation,Low,56448.87356,74.754,23759,1.093709946,-0.230950389,71.33878049,48,3.903452971,13.15843626,2331479.378,15.85579515,617227.2995,49.78433608,11.23228807,91.609329,8.797354989,,10194.44141,VH,37.5
Singapore,Low,160233.1339,100,1778,,-0.311904961,84.46585366,46,20.70522046,0.919220056,64266.74268,1.820886641,4347.650851,21.68523677,7.686683702,100,7918.951253,93.13477325,61274.00646,VH,50.9
Turkiye,Low,87127.59769,76.105,7920,1.088639975,0.780048418,75.85,16,5.165318472,49.06513519,504956.3259,31.95662056,50444.76645,28.8714837,4.842266922,100,109.3193197,118.8836823,8561.064333,,26.3
Bosnia and Herzegovina,Low,43237.89497,49.02,50,0.206049994,-1.266771023,76.225,26,1.809747742,43.7890625,26053.3501,35.51730757,3660.954549,42.73261719,6.312305874,99.95523503,64.81263672,40.88134003,6095.102479,H,39.4
Moldova,Low,38026.01687,42.849,85,0.228589997,-1.098031659,70.166,78,4.470503145,68.86506146,12985.65753,5.368576588,3287.202022,11.75322187,3.267846368,100,91.74732605,56.24251938,4376.242493,H,42.7
North Macedonia,Low,41401.53078,58.482,47,0.372640014,-0.200664047,74.39512195,12,1.283610995,50.03965107,9768.859944,35.93694651,2369.77411,39.71015067,3.279420187,100,82.17807296,40.42964172,5965.450232,H,54.3
Barbados,Low,30744.70118,31.191,29,,0.182929163,77.393,2.5,12.90050074,23.25581395,3656.467698,,2359.570952,14.65116279,3.904871158,100,652.7744186,,16643.80658,H,53.2
Puerto Rico,Low,102911.4073,93.581,,,2.713976432,78.041,0.95,,19.04171364,,1.837446479,,55.95603157,,3.669724771,369.9613303,,31427.42911,,
Argentina,Low,51985.93685,92.111,930,0.525219977,0.970053991,75.892,28,17.59649448,43.02926517,361433.0173,28.14006912,131035.6894,10.44071488,3.40561754,93.85282467,16.58089261,99.26622772,8496.428157,VH,41.1
Croatia,Low,66534.14529,57.553,117,1.242609978,-0.433210221,77.72439024,5,3.396394081,26.89421015,21379.32606,66.82683752,3668.675985,34.65171551,3.860705392,99.77960527,72.33166548,69.34697723,14236.53525,VH,60.2
French Guiana,Low,,,,,,,,,,,,,,,,,,,,
Mongolia,Low,30259.80595,68.657,66,0.13301,1.897015028,72.141,428,6.309566022,72.35894359,53921.45499,3.083620533,18159.40469,9.099658488,6.430645335,97.01398059,2.115133618,64.54763031,4041.174145,H,29.6
Brazil,Low,34726.8008,87.073,5280,1.16703999,0.665176682,74.009,45,13.70864088,28.56461856,1064709.126,73.96690805,449213.973,59.41747805,1.942523356,68.13503006,25.50762538,54.57279968,6923.700197,H,43.6
Ukraine,Low,27796.60745,69.608,1361,0.403180003,-0.57424247,71.18512195,74,3.133815956,71.2996203,227341.5857,4.381646803,32317.87499,16.72419745,3.753816189,100,76.16853469,82.13459778,3751.737305,H,49.6
South Africa,Low,43455.84235,67.354,542,,1.223179295,65.252,562,35.68035783,79.41785028,501520.8805,2.255041826,72213.21514,14.05509072,6.687563147,100,48.47284785,25.12968063,5741.641249,H,37.2
China,Low,32213.11866,61.428,1344817,2.40666008,0.23804087,78.077,57,3.549710558,55.46264943,12942868.34,23.92681717,1186285.181,23.4313229,7.756137907,99.99829446,150.3055428,62.23677826,10408.71912,H,28.4
Armenia,Low,30798.36078,63.313,63,0.209199995,-0.533006607,72.173,25,6.69449891,58.8689849,10422.04117,28.33696628,2319.921617,11.5374078,2.404683762,100,98.54611872,53.30612946,4505.867746,H,48.3
Zimbabwe,Low,5635.593722,32.242,,,2.03111171,61.124,181,47.64730062,41.87669639,25988.12599,52.72427644,12060.82302,45.09391237,0.530483547,100,40.50579294,9.723605156,1372.696674,M,46.2
Papua New Guinea,Low,12581.08622,13.345,,,2.147632274,65.787,418,30.27202678,3.131210529,18397.91713,34.53065134,10854.74217,79.17625756,0.563251566,99.99516574,21.52903767,,2446.084413,M,24.8
Jamaica,Low,19109.85698,56.311,10,,0.236519558,71.869,3.1,8.973658908,38.50415512,7432.636336,10.26200873,825.92789,55.11449677,2.069041808,100,260.4280702,,4897.26477,H,45.6
Namibia,Low,30934.94255,52.033,,,1.720310624,62.829,451,45.15033261,47.14134752,13560.37867,97.78645833,5335.779671,8.06386571,1.588045147,100,3.023355075,28.36824036,4252.041807,M,50.9
Georgia,Low,31553.19862,59.453,81,0.300799996,0.068656249,72.765,69,2.753144065,34.21931213,17669.44862,78.03932429,5133.092908,40.61591596,2.754709196,100,65.13027048,71.31075287,4255.742993,VH,39.1
Trinidad and Tobago,Low,55090.68649,53.214,1,0.064340003,-0.119021693,74.406,17,6.977217707,10.52631579,26480.71295,,6667.330375,44.48148148,10.15711917,100,295.9350877,,13871.79822,VH,47.8
Paraguay,Low,29018.70992,62.183,14,0.156969994,1.34872957,73.182,45,13.95406885,42.30843192,50784.02825,99.99820608,30106.5439,40.52922225,1.144591192,99.05830825,16.65918701,,5353.348045,H,40.9
Bahamas,Low,53047.70567,83.245,,,0.471994445,72.677,8.8,10.71019256,1.298701299,2801.144379,,223.17922,50.93506494,6.042251477,99.99999999,40.60649351,,23998.26802,VH,56.2
Costa Rica,Low,49357.30708,80.771,12,,0.755771068,79.277,9.7,7.128495366,34.97845672,14405.0866,99.00110988,4650.441149,59.43732863,1.35999555,99.68879337,100.334998,,12179.25667,VH,46.3
Colombia,Low,32117.50317,81.425,369,0.289330006,1.470102032,74.769,34,10.33977341,39.7046219,186999.3355,68.23681122,77156.40012,53.30501127,1.552259423,92.10462898,45.90415683,55.73310852,5304.289129,H,42.4
Venezuela,Low,,88.279,,,-1.674985598,71.095,44,15.56175006,24.37503543,194259.7019,63.6950421,97594.23488,52.41301514,2.545027978,99.93366243,32.30026983,,,M,46.4
Chile,Low,57356.87288,87.727,372,,1.360643634,79.377,14,7.111620873,14.74605397,106722.3342,43.60433496,11795.5356,24.49215367,4.395151064,97.66301771,25.95761178,89.11248779,13165.38634,VH,46.7
Guam,Low,,94.938,,,0.359326133,76.612,39,,29.62962963,,,,51.85185185,,83.33333333,313.3907407,,34780.86166,,
Peru,Low,23849.77225,78.297,125,0.17193,1.451402401,73.665,117,17.537581,19.52889844,89865.35382,52.73051336,31679.81165,56.50810156,1.398566019,99.96292629,26.01934063,,6063.62658,H,39.8
Saint Lucia,Low,27035.17209,18.841,,,0.36554733,73.416,2.2,7.9406532,16.29508197,850.806942,,272.859517,34.04918033,2.785139229,100,293.8311475,16.90415001,8458.075063,H,49.4
Dominican Republic,Low,40896.5258,82.54,10,,1.076552247,72.889,41,12.57576408,51.10349035,37052.66519,11.63244298,9243.113873,45.10950748,2.080181722,99.91344262,231.4208411,58.77322006,7167.914932,H,42.2
Fiji,Low,28870.18159,57.247,,,0.21284622,67.924,66,9.350539618,17.05528188,1764.367631,45.01588482,443.648987,62.39846743,1.117096288,82.80318235,50.37887247,,4864.106008,H,31.3
Suriname,Low,43116.97848,66.149,,,1.120467326,72.561,29,11.81466259,0.512820513,4312.425111,60.05314438,1415.671617,97.41211538,4.285076557,100,3.891442308,,4796.533314,H,45.9
Kazakhstan,Low,54460.6836,57.671,803,0.126019999,1.298635325,71.37,66,5.124694704,79.26925214,294805.9457,8.874027877,69749.45146,1.279653295,11.29774331,87.41423053,6.947314887,64.84986115,9121.636402,VH,40.9
Laos,Low,19908.63256,36.29,,,1.47745666,68.497,149,25.64050373,8.79982669,30491.44478,86.36999958,8011.314315,71.9042461,2.620283441,100,31.71316724,12.58433437,2593.355097,M,30.7
Thailand,Low,30315.18954,51.43,863,1.330250025,0.235182865,79.274,144,13.90396992,45.55168373,433773.458,8.538478848,75892.78006,38.89878447,3.714255806,100,139.9042142,48.01493073,7001.785413,VH,38.1
Philippines,Low,21090.49783,47.408,476,,1.626632905,72.119,533,24.28166467,42.45564611,224971.7625,25.41346632,65722.00682,24.10903176,1.189679452,96.37065877,376.2651407,32.84725571,3224.422811,M,28.9
North Korea,Low,,62.381,6937,,0.4340173,73.274,513,12.79434412,21.55136617,76079.90868,72.79609813,18145.48138,50.07964455,2.027148619,100,214.8282286,,,,
Egypt,Low,46941.16085,42.783,978,0.962180018,1.733129572,70.99,11,9.628460813,3.989150635,299778.6515,8.259285514,64402.91925,0.045185594,1.961122572,100,107.9563353,40.01293945,3571.556907,H,35.5
Lebanon,Low,49246.94112,88.925,,,-2.079336906,77.804,13,5.553377481,66.20723363,28947.43775,2.603826919,3459.013432,14.01075269,3.792193537,100,553.5604106,51.6985817,5599.957523,H,32.2
Jordan,Low,42506.64577,91.418,36,,2.127362818,75.184,4.6,10.01022905,11.58862085,33146.35261,0.967708005,6678.095787,1.098047165,1.919172426,100,123.0794986,32.66852951,3987.650174,H,43.6
Mauritius,Low,45960.23254,40.76,6,0.403239995,0.00229068,74.17707317,12,7.264399218,43.0645969,6435.739403,22.72272272,1973.725821,19.41412118,2.938514108,100,633.9579369,42.78414917,9005.462022,VH,44.8
Ecuador,Low,24972.43857,64.166,33,,1.401904626,72.153,44,12.33679297,21.82315993,68056.47202,52.80294232,27460.31312,50.32142857,1.957575349,98.31562394,70.81895233,57.93766022,5645.19929,H,46.5
Malawi,Low,4110.963866,17.427,,,2.665771783,63.717,138,49.64724799,63.47051336,11982.42756,91.30682899,4389.696958,23.77704709,0.084636158,100,205.5267395,2.432581186,622.1845914,L,40.6
Uganda,Low,6228.365029,24.954,13,,3.332808745,62.851,199,51.66055771,71.88809096,39280.05175,92.95052698,21178.67916,11.65918612,0.127793035,100,221.447292,,846.8811992,L,35.8
Zambia,Low,9882.56304,44.629,17,,2.933818135,62.38,319,56.51785266,32.06795894,36107.82044,96.99382395,15448.75233,60.28333714,0.401902713,100,25.46135272,,956.8317475,M,38.4
Iran,Low,51344.09111,75.874,11396,,0.835176148,74.832,12,8.089179176,28.98469442,844649.4679,5.104887878,174641.9705,6.626730354,7.063351321,100,53.79981079,57.34032822,2746.419483,H,34.5
Panama,Low,66974.22843,68.414,22,0.222450003,1.451052137,76.657,33,13.36727042,29.30843893,17231.02452,65.32634033,5047.340489,56.80560798,2.231443025,71.63674766,57.89156107,45.22066116,13293.33321,VH,50.5
Kenya,Low,10663.23153,27.995,341,,2.009700111,62.675,250,48.28991208,48.68749341,80188.01667,87.51424723,37602.48554,6.344818498,0.374079219,100,91.34093545,19.34871483,1936.250752,M,30.8
Morocco,Low,27201.45926,63.532,250,,1.053160179,73.92,96,8.906129377,68.02151019,88027.79761,14.30889033,12029.80502,12.86688326,1.818526387,100,82.20652476,40.02001953,3258.10498,M,28.4
Albania,Low,32168.73718,62.112,,,-0.574206959,76.989,16,3.023108283,42.53850365,8304.29494,100,2692.195886,28.7919708,1.544550115,100,103.5711314,61.39257813,5343.037704,H,47.1
Malaysia,Low,54031.99439,77.16,989,0.950879991,1.199859622,75.938,90,18.13860307,26.08735352,302088.6631,9.957168455,37175.59793,58.17695937,7.383715412,90.53734381,101.0500472,42.40976715,10160.82935,VH,35
Azerbaijan,Low,28890.55302,56.397,90,0.223900005,0.684365325,66.868,58,5.988189042,57.83824989,55351.99383,7.039857421,15733.13101,13.69418968,3.398849573,100,122.1247368,36.15219879,4229.910649,H,38.6
Guyana,Low,61884.85135,26.786,,,-0.194366444,68.486,78,17.411326,5.293370587,5282.035926,,1846.596396,93.5501143,3.472771017,99.98817732,4.04979426,,6863.074346,H,38.5
Indonesia,Low,24022.38865,56.641,1309,0.280770004,0.840389268,68.808,301,18.92565955,34.2473232,976487.6772,10.65115563,333994.9095,49.07178037,2.071658962,95.56714726,144.7963882,38.65038681,3895.618152,H,28.2
Mexico,Low,45491.29409,80.731,1132,0.296380013,0.727243816,70.133,23,9.093436836,49.96939222,592321.1717,15.39413379,143480.8889,33.79309139,3.040766375,99.65612655,64.81560843,45.16545105,8654.997325,H,45.5
Mali,Low,6374.483227,43.909,,,3.142603659,58.633,51,60.25432518,35.1928798,43491.51296,43.51635514,23070.48212,10.89666363,0.195565971,100,17.39404519,,822.9061375,L,28.5
Haiti,Low,7959.603923,57.088,,,1.302919959,64.052,164,24.65623326,64.94920174,10267.23377,7.996146435,5203.617218,12.60159652,0.283815024,100,410.2612845,,1283.141228,L,26.1
Bolivia,Low,17445.37277,70.123,8,,1.33973922,64.467,103,18.62232215,35.0850864,55203.08943,31.40243902,26597.78542,46.92491461,1.539464696,99.99913202,11.01833472,,3068.812555,M,40.1
Myanmar,Low,11149.19819,31.141,,0.148969993,0.719472826,66.797,311,21.59729881,19.88753888,128949.3985,58.85410144,72110.01694,43.73403098,0.634080348,100,81.85330718,,1477.452905,M,19.4
Nicaragua,Low,12511.28507,59.012,,,1.370695685,71.795,42,9.45054217,42.30513545,18448.51145,50.05459707,9584.807309,28.31585508,0.678252104,99.90269513,56.14006149,18.68551636,1876.607372,M,37.7
Burundi,Low,1718.804896,13.708,2,,2.867082195,61.566,103,51.1748058,80.8411215,4102.678292,82.70938513,1258.19152,10.8894081,0.058384022,100,475.8655374,,216.8274174,L,30.5
Algeria,Low,45285.48837,73.733,163,,1.732456728,74.453,58,12.98441128,17.34700415,266702.6795,0.322683799,86543.92362,0.81830896,3.71822337,100,18.24365706,53.61402893,3354.157303,H,29.6
Mozambique,Low,2924.125706,37.074,26,,2.904819659,61.172,361,54.4396366,52.66389277,33749.36732,86.41088736,16255.45655,46.72519647,0.222767553,100,39.64780259,,454.0623643,L,31.7
Cambodia,Low,8091.740463,24.232,,,1.160057697,70.416,280,23.03431682,34.24760764,42363.17878,46.41801228,17836.42554,45.7079651,1.137583659,100,92.88953093,14.44093132,1577.91174,M,30.1
Iraq,Low,42154.1781,70.893,635,0.03977,2.362111839,69.123,26,15.29683139,21.74243541,261289.5283,3.731754737,85916.97036,1.900361184,3.84217782,100,98.02865514,,4251.337253,M,27.8
Tanzania,Low,5640.885317,35.227,,,3.013853284,66.408,222,54.33698863,44.61639196,89255.44823,34.15409055,46487.36706,51.64258298,0.233945592,100,69.65965003,7.508979797,1104.164429,L,34.2
Honduras,Low,13545.25451,58.359,,,1.622836377,71.462,30,10.68342369,31.62034141,21147.29453,42.2755159,7741.124153,56.83492716,0.872911172,99.98352171,90.46173027,,2354.12148,M,36.5
Tunisia,Low,35905.26039,69.568,,,0.928583172,75.292,36,7.144559056,62.4388517,40882.99745,2.835942265,6653.819385,4.523236354,2.408622528,100,78.28091529,33.13193893,3497.733231,H,40.7
Libya,Low,60425.50131,80.691,,,1.283445092,72.472,59,10.39285333,8.723871012,75370.28088,,24033.12005,0.123327688,6.682805471,100,3.781637246,,7034.658365,H,
Angola,Low,16083.64365,66.825,,,3.268348405,62.261,329,59.16227295,36.81078046,70781.0562,53.17492831,32703.23811,53.42695115,0.592742968,100,26.81357664,,1502.950754,M,30.5
Kyrgyzstan,Low,12736.49635,36.856,63,0.088809997,1.897863823,71.8,108,10.44143105,54.0552659,16093.54198,85.18802763,4864.996701,6.858081335,1.37997538,97.43255692,34.30604797,45.9235611,1182.521506,M,35.7
Solomon Islands,Low,4954.641902,24.67,,,2.371387612,70.199,58,23.39944205,4.287245445,835.240357,2.262630437,416.003048,90.13826367,0.323065549,99.91756319,24.69421222,,2222.462143,M,35
El Salvador,Low,21211.9812,73.444,4,0.165289998,0.19906237,71.061,54,15.7989247,57.70752896,11063.80963,57.8226749,3269.495506,28.17953668,1.013280244,100,303.7032336,30.81921005,3961.726633,M,40.8
Turkmenistan,Low,47482.06957,52.516,,,1.483129015,68.687,46,21.95306144,72.00646905,194091.8305,,124818.6445,8.782159045,10.1840863,100,13.30078522,14.34871006,7297.180042,H,37
Eswatini,Low,34024.90089,24.171,,,0.939644436,59.692,342,42.07940293,69.47674419,3000.932259,46.57258065,1326.034028,28.92790698,0.972087528,100,68.64273256,,3372.904639,M,44.9
Cameroon,Low,9344.587867,57.56,,,2.711853658,60.833,171,51.81622547,20.62575363,93348.64392,76.11719444,17797.74545,43.02951069,0.374782658,100,56.04088553,,1539.130547,M,30.2
Sao Tome and Principe,Low,15097.35858,74.354,,,1.865994498,67.785,115,30.9546637,43.75,179.72515,10.47345768,11.596147,54.0625,0.64535014,100,227.7510417,,2161.310201,M,52.9
Madagascar,Low,2880.56731,38.534,6,,2.482422893,65.182,233,45.45944488,70.29047783,30566.42841,54.59645655,19021.93937,21.36440358,0.097269541,100,48.51353902,5.676859856,462.4042288,L,28
Maldives,Low,30075.78671,40.669,,,1.949134572,79.875,37,8.159321228,21.33333333,1994.511834,1.277204455,137.66522,2.733333333,2.826385298,,1714.793333,,7282.372916,H,37.4
Guatemala,Low,22852.45606,51.836,7,0.048930001,1.519987854,71.797,25,22.30970346,43.03844718,33165.68015,60.39066739,10598.09932,32.92086599,1.000407336,100,157.3192703,18.69449806,4609.897258,M,28
Belize,Low,19221.21881,46.025,,,1.486221516,72.854,27,15.93566018,7.891275756,1573.319685,45.23993047,514.044829,55.98640947,1.741107715,100,17.31350285,25.70165062,5266.87616,M,50
Senegal,Low,12053.40509,48.122,,,2.684381849,68.006,115,43.75460785,48.97937984,30293.27863,10.41719343,11762.77345,41.90598868,0.649800561,100,85.36913728,14.22854042,1492.475904,L,33.9
Liberia,Low,3236.525031,52.089,,,2.031168603,60.948,308,58.43149773,19.96511628,2155.394887,,338.868895,79.08471761,0.231838924,100,52.81960133,,597.5296919,L,24.9
Somalia,Low,7896.896512,46.141,,,3.418197348,55.967,254,61.01646017,70.34144164,26272.10205,,18752.05737,9.532311028,0.039934653,100,26.36053177,,416.2177747,,
Guinea,Low,9131.087412,36.875,,,2.512250121,59.327,175,57.96012489,59.5596614,29745.6922,78.75156502,16813.30155,25.18720495,0.343646151,100,53.74065196,5.771441936,1073.659339,L,31.6
Ghana,Low,12816.16791,57.349,12,,2.066268801,64.114,140,45.23819591,55.39301991,39070.28751,50.89200244,11847.91345,35.09693099,0.602887453,100,141.4317967,18.64871979,2176.576218,M,27.7
Gabon,Low,60369.25934,90.092,,,2.195637043,66.531,517,46.27022173,8.356564598,14849.25845,43.74412041,7451.56422,91.32068149,2.333273575,100,8.897322156,,6680.08267,H,49.7
Kuwait,Low,82160.87226,100,,0.186609998,-1.832820647,76.92,18,7.085531171,8.417508418,135896.7903,,22640.62617,0.350729517,21.16961025,100,244.6938272,53.7298584,24297.70114,VH,42.4
Rwanda,Low,6873.092786,17.432,,,2.39670705,66.774,57,38.18091588,79.39197406,6329.924675,56.88782816,2680.924714,11.18767734,0.10512414,100,532.8886096,7.24450016,773.8205575,L,32.8
Bahrain,Low,86745.79,89.506,7,,-1.125242678,79.174,15,5.00867409,10.31847134,54151.41004,,17641.43403,0.891719745,21.97690781,100,1882.126115,56.63399887,23433.18724,VH,42
Burkina Faso,Low,6128.931801,30.607,,0.248239994,2.688787667,59.731,46,54.10482801,46.10380117,32262.81629,9.354038684,15408.27314,22.72076023,0.253533189,100,78.66456871,7.683710098,833.2443361,L,35.5
Comoros,Low,13181.1552,29.38,,,1.900940814,64.166,35,44.07133812,71.46695325,619.946774,,236.81787,17.68941429,0.407112183,100,433.189683,,1519.58678,M,42.5
Togo,Low,6307.751104,42.8,,,2.391219022,61.035,35,48.56244122,70.2334988,8395.488807,75.30864198,3039.881913,22.23331495,0.286061844,100,155.2230189,15.0659399,875.2454099,L,34
Pakistan,Low,16703.46395,37.165,338,,1.73302782,66.269,255,33.14795923,47.63776463,436608.9225,31.43034972,169428.2367,4.833307389,0.810360216,100,294.7238753,,1322.314783,L,24.6
Nigeria,Low,15710.17359,51.958,410,,2.440608885,52.887,219,65.20789105,75.20339932,322336.5011,18.19512506,151059.7744,23.74578653,0.537510175,100,228.737667,,2074.613928,L,28.3
Equatorial Guinea,Low,50447.76727,73.1,,,2.732269498,60.708,275,59.50939333,3.740463458,9542.961347,57.82747604,4778.315427,87.28770053,2.725730852,100,56.9001426,,6327.598962,M,44.8
Botswana,Low,40938.91802,70.877,2,,1.850985764,65.647,230,44.90445318,45.63372329,12374.76398,0.033704078,3434.49382,26.91705045,2.263463114,100,4.493148413,24.01279068,5875.070606,M,54
Lesotho,Low,6642.488722,29.028,,,1.267840873,54.693,592,42.18825423,80.13833992,4013.753971,100,998.828453,1.137022398,1.025642163,100,74.24571805,,939.5042491,L,32.3
Afghanistan,Low,9541.770957,26.026,,,3.134746908,62.575,189,32.93045135,58.74154823,31119.04539,86.05011125,16222.03596,1.852781994,0.223478872,100,59.75228064,10.8584404,516.8667974,L,43.6
Vanuatu,Low,7040.820885,25.525,,,2.363729591,70.299,37,16.85704861,15.34044299,588.659649,21.25984252,374.327533,36.28383921,0.389174968,99.99999999,25.56890894,,2917.756849,M,36.9
Mauritania,Low,25569.96746,55.327,,,2.58400208,64.532,85,52.7128002,38.52721451,14056.36818,13.37325349,6896.748571,0.30348307,0.855176406,100,4.364610459,5.951250076,1868.468248,M,28.1
Uzbekistan,Low,20023.20704,50.416,356,0.139259994,1.922126527,70.331,65,8.208315969,58.28321797,187520.3945,20.65293296,53601.94309,8.373221378,3.376303785,100,77.68535119,16.28178406,1759.307471,H,38.2
Qatar,Low,120196.3555,99.235,81,,-1.682985039,79.099,36,4.950485728,6.440382942,119605.3672,,30708.39042,,31.72684245,100,240.2423847,23.76491928,52315.66008,VH,33
Guinea-Bissau,Low,5720.206553,44.196,,,2.276453357,59.999,361,57.6206587,28.98684211,2546.519289,,1261.116221,70.4128734,0.163208369,100,71.68662873,,710.258133,L,40.2
Ethiopia,Low,4934.124193,21.695,6,,2.654859156,65.371,129,44.65431528,34.09275178,167300.0199,99.96167481,94645.58072,15.12398953,0.154431772,100,103.8400628,,918.6525941,L,31.8
United Arab Emirates,Low,101151.3302,87.048,39,1.488309979,0.817694386,78.946,0.77,7.091691271,5.488594762,249927.7494,0.232401112,56944.70537,4.467755562,20.25227168,100,130.7700507,52.70621872,37629.17417,VH,52.4
Bangladesh,Low,13921.0405,38.177,40,,1.14420974,71.968,221,22.61283722,76.26949374,206570.3527,1.226889902,88903.99717,14.46877161,0.510647559,100,1286.171553,22.5388546,2233.305893,M,23.1
Sri Lanka,Low,34704.99098,18.713,353,,0.53062656,76.393,63,9.470242124,45.45748464,35117.25456,48.47519345,8377.671174,34.15809893,0.996683243,45.53841726,354.3323634,20.81221581,3852.389968,H,34.7
Oman,Low,70299.3405,86.276,11,0.315990001,-1.298245131,74.757,7.9,9.764623651,4.713828756,95082.40834,,19838.88305,0.008077544,15.636201,100,14.67980291,48.37543869,16707.62301,VH,30.7
DR Congo,Low,3149.362651,45.638,72,,3.224478443,59.739,319,56.18278095,14.95114797,56120.40776,99.82106911,35684.20937,55.64731259,0.032584781,100,40.95770451,6.666920185,524.6666863,L,36.9
Chad,Low,4891.689746,23.52,,,3.16053306,52.777,141,63.44751848,39.97617535,89558.45681,,59438.92298,3.425190597,0.094228187,100,13.21847284,4.533199787,643.7722162,L,28.1
Sierra Leone,Low,5126.069456,42.923,,,2.29903034,59.763,292,56.67575956,54.71044611,5952.4739,60.97560976,3591.093856,35.11886949,0.127277607,100,114.0755057,,493.4322524,L,32.7
Eritrea,Low,,41.347,,,1.617399943,67.133,80,38.64450538,62.72263717,6242.48957,0.492610837,3732.241915,8.71821524,0.198657543,100,29.37742603,,,L,31.7
Central African Republic,Low,2504.135436,42.198,,,2.534093932,54.604,540,59.0611668,7.879867733,21016.37573,99.41520468,10108.5047,35.80050724,0.044282073,100,8.576551414,,435.4692482,L,44.9
India,Low,19312.59857,34.926,23141,,0.955220858,70.15,204,24.16618437,60.04586286,3200820.626,15.34305035,697654.6707,24.27022827,1.576093232,100,469.6595667,28.65026283,1913.219721,M,18.9
Yemen,Low,,37.908,60,,2.310447397,64.65,48,30.14559271,44.41919048,24391.15073,,10542.15376,1.039831809,0.308514614,100,61.1475008,,583.8756629,L,
Saudi Arabia,Low,108867.7489,84.287,1294,0.519909978,0.472667096,76.239,7.8,7.13055653,80.77321381,712585.402,0.000295564,102630.5123,0.454484135,14.26658537,100,16.7452549,,20398.06099,VH,37.9
Benin,Low,9111.931407,48.415,,,2.829138113,60.088,54,51.8319986,35.03015254,16190.53196,5.555555556,4029.619412,27.80374246,0.631204806,100,112.1241841,10.80247974,1237.949295,L,29.6
Sudan,Low,16951.34594,35.253,153,,2.756778785,65.614,62,35.54565104,60.31308351,107114.2127,64.53590864,55887.39611,9.828452891,0.467953928,100,23.79041006,,608.3325195,L,27.6
South Sudan,Low,,20.199,,,1.506267728,55.48,227,61.30458252,44.70542623,56051.36036,0.606060606,32385.92039,11.32562151,0.164309137,100,16.78386372,,,L,
Djibouti,Low,31224.83417,78.062,,,1.493639579,62.694,220,37.41382335,73.50733391,1394.763044,,659.922854,0.250215703,0.392329171,100,47.03002588,,2917.996281,L,47.5
Tajikistan,Low,15303.06439,27.506,,0.08969,2.184426969,67.994,80,19.49272772,35.42041934,17692.28592,98.4733714,5520.881442,3.053534116,0.977533024,100,68.76004755,,852.3302296,M,37.1
Timor-Leste,Low,12038.25252,31.32,,,1.515821141,68.475,473,40.05523742,22.95897781,5537.128706,,4794.894791,61.94351042,0.343155166,100,87.42400807,,1660.308309,M,35.1
Congo Republic,Low,11147.6342,67.829,,,2.332086251,63.785,372,51.96721583,31.15373353,19421.77959,53.34486736,9957.260368,64.26354319,1.25459167,100,16.69743485,,1838.448124,M,40.1
Bhutan,Low,23885.09749,42.316,,,0.655471789,71.609,164,18.21093733,13.45044573,1630.8557,99.99354643,451.523887,71.44939696,1.340054317,100,20.25448348,16.85028458,3009.925516,M,42.5
Nepal,Low,15557.10905,20.576,,,1.774268056,69.246,230,24.82083296,28.74782002,45868.55644,100,23643.67208,41.59072201,0.509366247,100,204.7340565,13.93122959,1139.189892,M,28.3
Gambia,Low,6368.215708,62.582,,,2.56215325,62.612,153,52.1731292,62.64822134,2453.329037,,1346.288478,23.97924901,0.237529599,100,254.347332,,704.0304578,L,36.4
Niger,Low,3291.31215,16.626,,,3.727100725,61.451,82,59.17361433,36.7845583,44795.82741,0.753295669,28579.35341,0.852372306,0.090325578,100,19.2102621,4.272475719,564.8219973,L,37.7
